{
  "c": [
    -30.0,
    0.0
  ],
  "p2": [
    0.0,
    0.0
  ],
  "p0_start": [
    -25.0,
    10.0
  ],
  "p1_start": [
    10.0,
    35.0
  ],
  "L_c_p0": 11.180339887498949,
  "L_p0_p1": 43.01162633521314,
  "L_p1_p2": 36.40054944640259,
  "coupler_choice": "p1",
  "pick_upper": true,
  "step_size": 20,
  "theta": 307.21285493603926
}